<?xml version="1.0" encoding="UTF-8"?>
<project-private xmlns="http://www.netbeans.org/ns/project-private/1">
    <editor-bookmarks xmlns="http://www.netbeans.org/ns/editor-bookmarks/2" lastBookmarkId="0"/>
    <open-files xmlns="http://www.netbeans.org/ns/projectui-open-files/2">
        <group>
            <file>file:/C:/Users/nele/OneDrive/Stelling,%20Nele/Studium%20HAW%20Finkenau/Semester3/InformatikC/06_Labor/240628_Projekt_git/InformatikC-Projekt-TFT-RGB-LED/TFT-RGB-LED.X/main.c</file>
            <file>file:/C:/Users/nele/OneDrive/Stelling,%20Nele/Studium%20HAW%20Finkenau/Semester3/InformatikC/06_Labor/240628_Projekt_git/InformatikC-Projekt-TFT-RGB-LED/TFT-RGB-LED.X/tft.c</file>
            <file>file:/C:/Users/nele/OneDrive/Stelling,%20Nele/Studium%20HAW%20Finkenau/Semester3/InformatikC/06_Labor/240628_Projekt_git/InformatikC-Projekt-TFT-RGB-LED/TFT-RGB-LED.X/tft.h</file>
            <file>file:/C:/Users/nele/OneDrive/Stelling,%20Nele/Studium%20HAW%20Finkenau/Semester3/InformatikC/06_Labor/240628_Projekt_git/InformatikC-Projekt-TFT-RGB-LED/TFT-RGB-LED.X/spi.c</file>
        </group>
    </open-files>
</project-private>
